provider,giro
A&C ELECTRICIDAD LIMITADA,INSTALACIONES ELECTRICAS
ABS CHILE LIMITADA,VENTA AL POR MAYOR DE MATERIAS PRIMAS AGRICOLAS
ACENOR ACEROS DEL NORTE S.A.,INDUSTRIAS BASICAS DE HIERRO Y ACERO
ADDVISE SPA,"COMERC.INSUMOS PARA NUTRICION ANIMAL Y VEGETAL, ELAB ALIMENT ANIMALES"
ADMIN. DE SUPERMERCADOS EXPRESS LIMITADA,GRANDES ESTABLECIMIENTOS-VENTA DE ALIM.
ADMIN. DE SUPERMERCADOS HIPER LIMITADA,GRANDES ESTABLECIMIENTOS-VENTA DE ALIM.
ADMINISTRADORA DE VENTAS AL DETALLE LTDA,VENTA DE COMBUSTIBLES
AGRICOLA E INVERSIONES LOS COIHUES SPA,PRESTACION DE SERVICIOS AGRICOLAS
AGRICOLA LAS LOMAS LIMITADA,AGRICOLA
AGRICOLA WEBER HUBER LIMITADA,CRIA DE GANADO BOVINO PARA VENTA Y PRODUCCION LECHERA
AGRICOLA Y GANADERA EMERALD LIMITADA,CRIA DE GANADO PRODUCCION LECHE Y CARNE
AGRICOLA Y TRANSPORTES TERRA SPA,SERVICIOS AGRICOLAS Y TRANSPORTE DE CARGA
AGRO SERVICIOS NAVARRETE SPA,SERVICIO AGRICOLAS CULTIVO DE TRIGO
AGROCOMERCIAL CONARO LIMITADA,ARRI.DE VEHIC.DE CARG.Y PASAJ.ASES FOREST AGRIC.INDUST.AGRICOLA
AGROCOMERCIAL IANSA S.A.,AGROINDUSTRIA
AGROFORESTAL Y JARDINES DEL SUR SPA,REP Y MANTEC MAQ AGRICOLA Y FOREST VENTA REPUESTOS Y ACCES MAQUIN
AGROMAP SPA,OBRAS INGENIERIA Y RIEGO. AGRIMENSURA.AGRIC.ARRENDAT.INSUMOS AGRICOLAS
AGROPERFIL SPA,BÚSQUEDA Y SELECCIÓN DE CAPITAL HUMANO
AGRÍCOLA J-S-E LIMITADA,ACTIVIDADES APOYO AGRICULTURA
AGRÍCOLA RIBERAS DEL SAUCE SPA,AGRICOLA Y PRESTACION SERVICIOS AGRICOLAS
AINILEBU SPA,Venta al por menor de Libros y Revistas
ALBERTO JESUS LARA GUZMAN,SERVICIOS TECNICOS ELECTRICOS - OBRAS MENORES EN CONSTRUCCION
ALEJANDRO MARCELO DEL PRADO MONTORY,ESTACIÓN DE SERVICIO
ALEJANDRO RICARDO CARRASCO AGUILAR,SUB CONTRATISTA EN OBRAS MENORES
ALEX PATRICIO CARRILLO VERA,INGENIERO COMERCIAL//CAFETERIA Y GELATERIA
ALICIA GUILLERMINA MARTINEZ CARMONA,"VENTA DE PARTES, PIEZAS Y ACCESORIOS PARA VEHICULOS AUTOMOTORES"
ANDRES ALONSO PRIETO SEGUEL,ARRIENDO RETROEXCAVADORA NIVELACIONES Y EXCAVACIONES- TRANSPORTES
ANTILLANCA SPA,"AGRICOLA, SERVICIOS Y ASESORIAS FINANCIERAS Y ECONOMICAS,CRIA DE GANADO PRODUCCI"
ANTONIO CASTILLO S.A.,IMPORTACIÓN Y VENTA DE REPUESTOS PARA VEHÍCULOS
ARIDOS VICAT SUR SPA,VENTA DE ARIDOS
ARIEL ENRIQUE BELLO GARCIA,"TRANSPORTE PASAJEROS,TRANSPORTE CARGA POR CARRETERA Y AGRICULTOR"
ARIEL OMAR AZOCAR AGUAYO,COMPRA Y VENTA DE REPUESTOS
ARRENDADORA DE VEHICULOS SOCIEDAD ANONIMA,ARRIENDO COMERCIALIZACION MANTENCION Y REPARACION VEHICULOS AUTOMOTRICES
ARRIAGADA COMPANY SPA,"FAB. DE PROD. METALICOS, FERRETERIA , ALQUILER, IMPORTACIONES."
ASESORIAS E INVERSIONES A Y G SPA,EMPRESA DE ASESORIA-CONSULTORIA FINANCIERA Y DE APOYO AL GIRO
ASESORIAS IMPROVE LIMITADA,"INGENIERIA, PROYECTOS, ASESORIAS, CAPACITACION"
ASESORIAS PROTEUS DISRUPTION LIMITADA,"P.SERV. PROFESIONALES DE ASESORIA Y CONSULTORIA, ECONOMICA Y FINAN."
AUDISOFT SPA,SERVICIOS INTEGRALES DE INFORMATICA
AUDITAX SPA,ASESORIAS CONTABLES Y TRIBUTARIAS
AUSTRAL MEDIA LAB SPA,"VENTA DE INSUMOS CLINICOS,INVESTIGACION Y DESARROLLO, ASESORAMIENTO"
AUTOMOTRIZ CORDILLERA S.A.,VENTA AL POR MAYOR DE VEHICULOS AUTOMOTORES
AUTOMOTRIZ P Y C SPA,SERVICIOS DE REPARACION AUTOMOTRIZ
AUTOMOTRIZ SALFA SUR LIMITADA,VENTA AL POR MAYOR DE VEHICULOS AUTOMOTORES EXCEPTO MOTOCICLETAS
AUTOMOTRIZ SERVIMAQ SPA,VENTA AL POR MAYOR DE VEHICULOS AUTOMOTORES
AUTOMOTRIZ TECNOCID LIMITADA,COMPRA VENTA VEHÍCULOS NUEVOS Y USADOS
AWÜA CONSULTORES SPA,ASESORÍAS Y SERVICIOS LEGALES
BANCO BICE,BANCO COMERCIAL
BANCO DE CHILE,Banco Comercial
BENEDICTO NOLBERTO GUTIERREZ RIVERA,PRESTACION DE SERVICIOS AGRICOLAS
BETHEL ELECTROMECANICA SPA,"ASE MAN GENE TERRE MAQUI GENERA,CONST MENOR, VTA REP ACCE AUT Y COMIS"
BIMA CHILE SPA,"FABRICACIÓN DE HERRAMIENTAS AGROPECUARIAS, PRODUCCIÓN DE HORTALIZAS, IMPORTACIÓN"
BIOGENESIS ANIMAL HEALTH SPA,VENTA AL POR MAYOR DE MATERIAS PRIMAS AGRICOLAS
BOBINADOS INDUSTRIALES LONCOMILLA SPA,REPARACION DE EQUIPO ELECTRICO (EXCEPTO REPARACION DE EQUIPO Y ENSERES
BORKERT Y COMPANIA LIMITADA,"ASE,CAP,ATEN MED.VET.Y COMERC.DE MEDIC.E INSUMOS MEDICOS Y AGRICOLA"
BOTTAI S.A.,PREFABRICADOS DE HORMIGON
CAMILO EDUARDO CABEZA FERNANDEZ,SERVICIO DE MANTENCION DE MAQUINARIA Y VEHICULOS - CONSTRUCCION
CANAL BAJO SPA,ACTIVIDADES DE RESTAURANTES Y DE SERVICIO MOVIL DE COMIDAS
CARLOS IVAN MEZA HERMOSILLA,SERVICIOS DE VULCANIZACION SOLDADURA VENTA DE ACC.Y NEOMATICOS
CARLOS JOAQUIN CAMPOS GONZALEZ,"VENTAS DE ARTICULOS DE FERRETERIA, MAQUINARIAS, MOTORES Y REPUESTOS.-"
CARLOS SEGUNDO GUZMAN CATALAN,"TRANSPORTE ESCOLAR,TRABAJADORES,TURISTAS,CULTIVO CHOROS,SERV.AGRICOLAS"
CENCOSUD RETAIL S.A.,Comercial
CENTRO DE COPIADO DIGITAL SPA,"SERVICIO FOTOCOPIA, IMPRENTA Y LIBRERIA"
CESAR ANDRES YANEZ SOTO,CONTRATISTA EN OBRAS MENORES - ARRIENDO DE VEHICULOS
CHILEXPRESS S.A.,"TRANSP. DE CARGA,SERV. DE RECAUD.,ENVIO VALIJAS, CORREOS Y TELECOM. MULTIP"
CHIPAX SPA,INVERSIONES Y ASESORIA INFORMATICA Y FINANCIERA
CHRISTIAN ALEJANDRO AGUILERA SANZANA,CORTA MADERA/ASERRADERO Y BARRACA
CIA DE SEGUROS DE VIDA CONSORCIO NACIONAL DE SEGUROS SA,Seguros de Vida
CIA DE SEGUROS GENERALES CONSORCIO NACIONAL DE SEGUROS SA,Seguros Generales
CIA ELECTRICA OSORNO S A,Distribución de Energía Eléctrica
CLA TURISMO SPA,SOCIEDAD DE TURISMO Y RECREACIÓN PARA EL BIENESTAR SOCIAL
COAGRA S.A.,AGROINDUSTRIA COMERCIALIZACIÓN DE PRODUCTOS E INSUMOS AGRÍCOLAS REPARACIÓN MANTE
COMER DE COMBUSTIBLES M&D LTD,VENTA AL POR MENOR DE COMBUSTIBLES PARA AUTOMOTORAS
COMERCIAL AIKETEN LIMITADA,ESTACION
COMERCIAL AMAR HERMANOS Y COMPANIA LIMITADA,SUPERMERCADO
COMERCIAL AMAR HNOS. Y CIA. LTDA,SUPERMERCADOS
COMERCIAL CERES SPA,COMERCIALIZACION DE MAQUINARIA AGRICOLA Y CONSTRUC
COMERCIAL CLIMENT SPA,"Venta al por mayor de Materiales de Construccion,"
COMERCIAL COOPREL S.A.,GRANDES TIENDAS
COMERCIAL COPIAPO LTDA,VENTA DE MAQUINARIAS Y REPUESTOS AGRICOLAS
COMERCIAL DASEFE LIMITADA,ESTACION
COMERCIAL E INDUSTRIAL RENE FUCHSLOCHER,MANTENIMIENTO Y REPARACION DE VEHICULOS AUTOMOTORES
COMERCIAL E INVERSIONES SERVICID LTDA.,SERVICIO DE REPARACION DE VEHICULOS MOTORIZADOS
COMERCIAL HARCHA SPA,FERRETERIA
COMERCIAL K SPA,"Importacion, Exportacion y distribucion de revestimientos Ceramicos"
COMERCIAL MAIFA LTDA.,HOTEL
COMERCIAL MUNDO TRANSFER LTDA,Imp. Comerc.de prod Textiles y Ar Pub; Imp. Graficas. Vtas de Maquinas
COMERCIAL NAHUM NAHUM JACOB Y OTROS LIMITADA,VENTA DE REPUESTOS Y ARTICULOS DE SEGURIDAD VENTA Y RECARGA EXTINTORES
COMERCIAL NAVEA LIMITADA,ESTACION DE SERVICIO
COMERCIAL PRESEP LIMITADA,VENTA AL POR MENOR Y AL POR MAYOR DE ENSERES DOMESTICOS.
COMERCIAL RIO BUENO SPA,VENTA AL POR MENOR DE COMBUSTIBLES PARA AUTOMOTORAS
COMERCIAL RODAPLUS SPA,"VENTA DE PARTES, PIEZAS Y ACCESORIOS PARA VEHICULOS AUTOMOTORES"
COMERCIAL SERVIFEED SPA,"SERVICIO MANTEN., MONT Y AUTOMATIZACION DE EQUIPOS INDUST. EN TERRENO"
COMERCIAL SHOOF INTERNATIONAL CHILE LTDA,Comerializacion Importacion y Exportacio
COMERCIAL SOCOEPA SOCIEDAD ANONIMA,GRANDES TIENDAS-VENTA DE MOTOCICLETAS-TELEFONIA MOVIL CELULAR-ART. FERRETERIA.
COMERCIAL SUR ENERGY SPA,VENTA AL POR MENOR DE COMBUSTIBLES PARA AUTOMOTORAS
COMERCIAL TCS SPA,VTA MAT DE CONSTRUCCION Y ART FERRETERIACOMPRA Y VENTA DE ARIDOS
COMERCIAL V A M OFFICES SUPPLIES LIMITADA,IMPORTACION EXPORTACION COMPRA-VENTA EQUIPOS E INSUMOS DE OFICINA SERVICIO TECN
COMERCIAL V&P LIMITADA,COMERCIALIZACION E INST.DE EQUIPOS CONTRA INCEND. Y SEGURID.EN TERRENO
COMERCIAL VICAN SPA,VENTA DE MUEBLES Y ARTÍCULOS PARA EL HOGAR
COMERCIAL VICTORIA SPA,ESTACION DE SERVICIOS
COMERCIAL VIMAR SPA,VENTA DE ARTICULOS DE FERRETERIA Y MATERIALES DE CONSTRUCCION
COMERCIAL Y DISTRIBUIDORA GOMAC LTDA,"Venta de articulos de goma, accesorios, Art Ferreteria -Construcción"
COMERCIAL Y SERVICIOS FUTRONO LIMITADA,ESTACION DE SERVICIO
COMERCIAL Y SERVICIOS J Y M LIMITADA,ESTACION
COMERCIAL Y SERVICIOS PALMILLA LTDA,ESTACION DE SERVICIO
COMERCIAL Y SERVICIOS VIGU LIMITADA,ESTACION
COMERCIAL Y SERVICIOS VYV LIMITADA,VTA REPUESTOS ACEITES LUBRIC SERV MECÁNICA AUTOMOVIL Y MÁQ EN GENERAL
COMERCIALIZADORA CARTIZ SPA,ESTACION DE SERVICIO Y DISTRIBUCION DE COMBUSTIBLE
COMERCIALIZADORA DE ART DE PROTECCION Y SEGURIDAD INDUSTRIAL MANQUEHUE LIMITADA,DISTRIBUCION DE ARTICULOS DE SEGURIDAD
COMERCIALIZADORA DE NEUMATICOS BACON LIMITADA,RECAUCHADO Y RENOVACION DE CUBIERTAS DE CAUCHO
COMERCIALIZADORA DE REPUESTOS ALEJANDRA XIMENA MUÑOZ BALTRA E.I.R.L.,COMPRA Y VENTAS DE INSUMOS Y REPUESTOS DE VEHICULOS MOTORIZADOS
COMERCIALIZADORA MIRAFLORES LIMITADA,"COMPRA, VENTA E INSTALACION DE PARABRISAS"
COMERCIALIZADORA RBM SPA,"VENTA REPUESTOS DE VEHICULO, HERRAMIENTAS, LUBRICANTES EN GENERAL"
COMERCIALIZADORA RIEGO BUENO LIMITADA,VENTA Y SERVICIOS DE INSTALACION RIEGO CLIMATIZACION CALEFACCION ERNC
COMERCIALIZADORA S Y S SPA,"VENTA DE PARTES, PIEZAS Y ACCESORIOS PARA VEHICULOS AUTOMOTORES"
COMPAÑÍA AGROPECUARIA COPEVAL S.A.,"Compraventa de insumos y maquinaria agricola,combustibles,Exportaciones y Servic"
COMUNIDAD SUCESION ADOLFO CARMONA MALDONADO,"TALLER TORNO MECANICO,VENTAS DE GASES Y SOLDADURAS INDUSTRIALES,"
CONFECCIONES Y ARRIENDO DE MAQUINARIA JACQUELINNE REYES EMPRESA INDIVI,"CONFECCION,CORDONERIA,ALQUIER DE MAQ, PREPA Y MOVIMIENTO DE TERRENO"
CONSTRUCCIONES LARA & LARA LIMITADA,ESTRUCTURAS METALICAS Y CARPINTERIA EN GENERAL
CONSTRUCCIONES Y PRESTACIÓN DE SERVICIOS VICENTE DIOCARES E.I.R.L.,CONTRATISTA-ALQUILER MAQUINARIA-VENTA LENA Y OTROS-ACT.FORESTAL
CONSTRUCCIÓN Y ASESORÍAS FORESTALES VOLCÁN PUNTIAGUDO LIMITADA,CONSTRUCCION TALA Y PODA EN ALTURA.RETIRO DESECHO ARBORIOS ROCE
CONSTRUCTORA DSL SPA,CONSTRUCCIONES EN OBRAS MENORES -TRANSPORTE DE CARGA -ARRIENDO MAQ.
CONSTRUCTORA RAUL ERNESTO PALMA RISOPATRON E.I.R.L.,OBRAS MENORES EN CONSTRUCCION
COOP RURAL ELECTRICA RIO BUENO LIMITADA,Cooperativa Rural Electrica
COOPERATIVA AGRICOLA LECHERA STGO.,VENTA AL POR MAYOR DE MATERIAS PRIMAS AGRICOLAS
COOPERATIVA AGRICOLA Y DE SERVICIOS LTDA,"CRIA DE GANADO Y BOVINO, ESTACION SERV."
COOPERATIVA AGRICOLA Y LECHERA DE LA UNI,FABR.Y DIST.PROD.LACTEOS VTAS.INSUMOS AG
COOPERATIVA AGRICOLA Y LECHERA DE LA UNION LTDA.,FABR. Y DIST.PROD.LACTEOS VTAS. INSAGRIC
COOPERATIVA ELECTRICA PAILLACO LIMITADA,DISTRIBUCION DE ENERGIA ELECTRICA
COOPERATIVA RURAL ELECT.R.BUENO LTDA.,DISTRIBUIDORA DE ENERGIA ELECTRICA
COOPRINSEM,ESTACION DE SERVICIO
COPEC S.A.,"Distribuidora de Combustibles, Servicio de Carga Eléctrica y Exportación"
COVEPA SPA,"Comercializacion de productos veterinarios, agricolas, maquinarias, ferreterias,"
CRISTIAN MIGUEL MATAMALA NAVARRO,TRANSPORTE DE CARGA POR CARRETERA
CRUZ Y CIA,VENTA PROD AUTOMOTRICES
CRUZ Y CIA. LTDA,VENTA DE PRODUCTOS AUTOMOTRICES
CUADRIL SPA,"RESTAURANT, BAR, PROCESAMIENTO DE ALIMENTOS"
CUIDATUVACA SPA,CRIA DE GANADO BOVINO PARA LA PRODUCCION LECHERA
CVD REMOLQUES SPA,FABRICACION REPARACION COMERCIALIZACION REMOLQUES Y ACOPLADOS
DANIEL PATRICIO CASTRO ASCENCIO,"TALLER SOLDADURA,CONSTRUCCIONES EN GENERAL,TRANSPORTE DE CARGA"
DANIEL VILLAR Y CIA LTDA,ESTACION
DANIELA ALEJANDRA FUCHSLOCHER NEUMANN,VENTA DE CUADROS Y ARTESANIA. TALLER DE PINTURA
DAP DUCASSE DISEÑO LTDA.,DIST. DE PAVIMENTOS
DATA CROM COMPUTACION LIMITADA,"COMERCIO Y DISTRIBUCION DE EQUIPOS, ACCESORIOS E INSUMOS COMPUTACIONALES Y DE OF"
DAVID ISAIAS MARDONES YANEZ,CONTRATISTA EN OBRA MENORES AGRICOLAS Y FORESTAL
DECORSWEET SPA,DECORACIÓN E INSTALACION DE PAPELES MURALES. OBRAS MENORES
DELFIN AROS ESTRADA,TRANSPORTE DE CARGA Y AGRICULTOR ARRENDATARIO
DERCOMAQ S.P.A.,VENTA AL POR MAYOR DE VEHICULOS (IMPORT.
DERIVA SPA,ACTIVIDADES DE PAISAJISMO Y MATENCION DE AREAS VERDES
DIFOR CHILE S.A.,"SS.DE REPARACION DE AUTOMOVILES, COMPRA-VENTA DE VEHICULOS NUEVOS Y USADOS"
DIRECTV CHILE TELEVISIÃ³N LIMITADA,Servicio de Television Satelital
DISTRIBUIDORA COMERCIAL P Y G LIMITADA,ESTACION DE SERVICIO
DISTRIBUIDORA DE COMBUSTIBLES ARAUCANIA,ESTACION
DISTRIBUIDORA DE GAS MALON SPA,VENTA Y DISTRIBUCION DE GAS-TRANSPORTE
DISTRIBUIDORA ENTRETECHO SPA,VENTA AL POR MENOR DE COMBUSTIBLES PARA AUTOMOTORES
DISTRIBUIDORA Y COMERCIALIZADORA MUNDIAL SPA,BANQUET. Y VTA COMID PREP PASO PANAD LAVADO VEHIC ESTACIONAMIENTO
DORIS IVONNE CASTILLO KANTER,Ferretería
DOÑA SOFIA SPA,SUPERMERCADO
DULAC FUTRONO SPA,"ARRIENDO CABAÑAS Y CAMPING, SERV.HOTELERIA, CAFETERIA Y SALON DE TE"
EASY RETAIL S.A.,Comercial
EDGARDO EDMUNDO MANCILLA CARRION,TRANSPORTE DE CARGA POR CARRETERA
EDGE SPA,"Transp. de Carga, Com. y Exp. de muebles y lámparas."
ELCIRA CABEZA MENENDEZ,SUPERMERCADO Y RESTAURANTE
ELECTRIDOM SPA,INSTALACIONES ELÉCTRICAS DOMICILIARIAS E INDUSTRIALES - CONSTRUCCIONES
ELECTROCOM S.A.,VENTA DE MATERIALES ELECTRICOS Y CONSTRUCCION
ELECTROSOL ENCENDIDOS SPA,"SS. ELECTRIC. Y ELECTRÓNICA AUTOMIZ, VTA DE REP. ARREINDO MAQUINARIA"
ELIER HOMERO REVILLARD GAYOSO,MOTELES VTAS ART.FERRETERIA Y MAT.DE CONSTR.-JUGOS NATURALES-TORTILLAS
EMPRESA COMERCIAL BARRIENTOS BARRA LTDA.,Ferretería
EMPRESA DE TRANSPORTES VARMONTT LIMITADA,"TRANSPORTE DE CARGA POR CARRETERA, DIST. Y COMERC. DE COMBUSTIBLES"
EMPRESA NACIONAL DE TELECOMUNICACIONES S.A.,Telecomunicaciones
EMPRESAS BIOSUR SPA,AGRICOLA
EMPRESAS DE CORREOS DE CHILE,Servicios Postales Nacionales e Internacionales
EMVI INGENIERÍA Y SOLUCIONES INDUSTRIALES SPA,INGENIERÍA Y SOLUCIONES INDUSTRIALES
ENGLISH TRAINING SPA,CLASES DE INGLÉS A EMPRESAS Y PERSONAS
ENRIQUE RICARDO SCHMIDT ROJAS,"COMPRA VENTA Y ARRIENDO DE MOTOS, REPUESTOS, ACCESORIOS, PUBLICIDAD, SERVICIOS Y"
ENTEL PCS TELECOMUNICACIONES S.A.,Telecomunicaciones
ENTRE RIEGOS DEL SUR SPA,"VENTA AL POR MAYOR DE MAQUINARIA, HERRAMIENTAS, EQUIPO Y MATERIALES N."
ERWIN RAMIRO AGUILEF PINUER,"SERVICIOS DE INSTALACIONES ELÉCTRICAS, DE GASFITERÍA Y CONSTRUIÒN"
ESMAX DISTRIBUCION SPA,"VENTA AL POR MAYOR DE COMBUSTIBLES SOLIDOS, LIQUIDOS Y GASEOSOS Y PRODUCTOS CO"
ESMAX RED LIMITADA,Venta de Combustible; Confites; Cigarrillos; Bebidas; Otros Prod; Almacenes Medi
EST. DE SERVICIO PAOLA USLAR M. E.I.R.L.,"Estacion de Servicios, Comercializadora de Combustibles y Lubricantes, Minimarke"
ESTACION DE SERVICIOS BULNES LIMITADA,ESTACION
ESTACIONES DE SERV. PAOLA USLAR MOLINA E.I.R.L.,VENTA AL POR MENOR DE COMBUSTIBLES PARA VEHICULOS AUTOMOTORES EN COMERCIOS ESPEC
ESTACIONES DE SERVICIO PAOLA USLAR MOLINA E.I.R.L.,SERVICENTRO
ESTEBAN HIGINIO VERA CARDENAS,"REPUESTOS, ACCESORIOS Y LUBRICANTES - TAXI BASICO - FERRETERIA"
EXTINT0RES ALFA VALDIVIA SPA,VENTA Y RECARGA DE EXTINTORES - CAPACITACION
FABRICACIONES WINSUR SPA,"VENTA, FABRICACIÓN E INSTALACIÓN DE VENTANAS Y PRODUCTOS PVC/ALUMINIO"
FALABELLA RETAIL S.A.,GRANDES TIENDAS
FERIA REMEHUE LTDA.,"CORRETAJE DE GANADO, AGRICOLA, PROPIEDADES, FERRETERIA Y VETERINARIA E INSUMOS"
FEROSOR AGRICOLA S.A.,COMERCIALIZADORA DE INSUMOS AGRICOLAS
FERRETERIA BULNES SPA,VENTA AL POR MENOR Y MAYOR DE ARTICULOS DE FERRETERIA
FERRETERIA HESS Y BUSCHMANN SPA,FERRETERIA
FERRETERIAS WEITZLER SOCIEDAD ANONIMA,"MATERIALES DE CONSTRUCCION, FERRETERIAS, ALMACENES DE PINTURAS, BARNICES"
FERRETODO SPA,VENTA DE ARTÍCULOS DE FERRETERÍA
FRANCISCO ALEJANDRO ARRIAGADA NAHUELPAN,MANTENIMIENTO Y REPARACION DE VEHICULOS AUTOMOTORES EN TERRENO
FRIGORIFICO DE OSORNO S.A.,FRIGORIFICO-MATADERO
FULL PORTON SPA,Venta Materiales Construcción - Obras Menores
FUNDACIÓN DE INSTRUCCIÓN AGRÍCOLA ADOLFO MATTHEI,Enseñanza Superior e Instituto Profesional
GABRIEL ALEJANDRO CASTILLO JOHANSEN,PRODUCTORA DE EVENTOS
GALLAGHER CHILE SPA,"Importacion Exportacion y Comercializacion de Maquinarias, Repuestos e Insumos A"
GASTRONOMIA ACHORATE SPA,"BAR RESTAURANTE, SALON DE EVENTOS"
GASTRONOMICA PARRAGUEZ Y ASOCIADOS SPA,"SERVICIOS GASTRONOMICOS, BANQUETERIA Y EVENTOS"
GATICA MARTÍNEZ SPA,"SER. DE MOV. DE TIERRA , ARRIENDO DE MAQUINARIA."
GEA FARM TECHNOLOGIES OSORNO LTDA.,"INSTALACION,MANTENCION,REPARACION MAQUINARIA AGROPECUARIA,FORESTAL"
GEO PARTNER SPA,EXCAVACIONES MOVIMIENTO TIERRA Y PREP TERRENOS
GESTIÓN AMBIENTAL ECOGEST SPA,gestion ambiental
GONBAR SPA,SERVICIOS AGRICOLAS
GUARDA SPA,ALQUILER DE MAQUINARIA PESADA
GUILLERMO ENRIQUE RIEDEL MARTINEZ,"SERVICIOS AGRICOLAS,AGRICOLA,COMERCIALIZACION DE PRODUCTOS AGRICOLAS"
GUSTAVO ALONSO VALENZUELA CORNEJO,MANTENIMIENTO Y REPARACION DE VEHICULOS AUTOMOTORES
H2 ASESORIAS Y SERVICIOS SPA,ASESORIAS AGRICOLAS
HAKA INDUSTRIAL SPA,COMERCIALIZADORA Y ARRIENDO DE HERRAMIENTAS Y MAQUINARIAS
HDI SEGUROS S.A.,Compañias de Seguros
HECTOR ADRIAN VALENZUELA PAREDES,ASERRADERO PORTATIL MADERAS Y COMERC/PRODUCTOS FORESTALES Y MADERAS
HECTOR IGNACIO PUSCHEL RUPAILAF,SERVICIO HIDRAULICO ELECTR /OBR MENORES/MOVTO DE TIERRAS/TRANSPORTES D
HECTOR PATRICIO RIVERA BURGOS,SERV MECANICOS A TERRENO Y REPARACION DE BOMBAS INYECTORAS
HECTOR RAUL MANCILLA LOPEZ,"TRANSPORTE DE CARGA,AGRICULTOR"
HGS DAIRY SOLUTIONS SPA,"INSTALACION,MANTENCION,REPARACION MAQUINARIA AGROPECUARIA,FORESTAL"
HIDROFLEXIBLES EIRL,ING. DE MANT. HIDRAULICA Y NEUMATICA Y VTA DE INSUMOS
HIDROTATTERSALL S.A.,"DiseNo, Construccion, Instalacion, Mantencion y Venta de e"
HOTELERA MDS CHILLÁN S.A.,HOTELES
HOTELES DIRECTOR LTDA.,ADMINISTRACION HOTELERIA Y TURISMO
HSC SISTEMAS HIDRICOS SPA,COMERCIALIZADORA DE MATERIALES HIDRAULICOS RIEGO Y PARA PISCINA
HSV SPA,"CULTIVO, COMPRA Y VENTA DE ALIMENTOS AGRICOLAS Y TERAPIAS NATURALES."
HYK MANTENIMIENTO MAKINARÍA AGRÍCOLA SPA,CONTRATISTA EN OBRAS MENORES
HÁBITOS Y SISTEMAS SPA,ENSEÑANZA Y CAPACITACION EN METODOLOGIAS DE VIDA SALUDABLE
IANSAGRO S.A.,AGROINDUSTRIA
ILOP S A,"ART. DE LIBRERIA, ESCRITORIO Y OFICINA"
IMPORTADORA ELADIO TAZBAZ AZAR LIMITADA,"IMPORTADORA Y COMERCIALIZADORA DE NEUMATICOS NUEVOS Y RECAUCHADOS, REPUESTOS, EQ"
IMPORTADORA REDBIKER S LIMITADA,"VENTA PIEZAS Y ACCES. MOTOCIC., VENTA DE MOTOS - ROPA DE TRABAJO"
IMPORTADORA SOMAGEL SPA,"IMP Y EXP, Y COMER DE MAQUI E INSUMOS PRODUC PARA LA IND ALIMENTICIA"
IMPORTADORA Y EXPORTADORA LASER IMAGING CHILE SPA,IMPORTADORA
INDUSTRIA RECUPERADORA DE NEUMATICOS SAC,RECAUCHADO Y RENOVACION DE CUBIERTAS DE CAUCHO
INDUSTRIAL RIEGO SPA,OB.MENORES EN CONST.ELECT.RIEGOY PURINES.MEC.INDUS.Y AUTOM EN TERRENO
INGENIERIA Y CONSTRUCCION ELIMAQ LIMITADA,INGENIERIA Y CONSTRUCCION- COMPRA VTA. MAQ. Y EQUIPOS NUEVOS Y USADOS
INGRID JIMENA VELOSO GUZMAN,SERVICIOS AGRICOLAS COMPRA Y VENTAS DE PRODUCTOS AGRICOLAS
INMOBILIARIA Y HOTELERA PETTRA S.A,Actividades Hoteleras
INSTALACIÓN Y SERVICIOS DE BOMBAS DE POZO AQUAOSORNO SPA,"SERV.MONT.DE BOMBAS DE AGUA,OBRAS MENORES,VENTA ART.FERRET.Y MAT.CONST"
INVERSIONES DEL RANCO LIMITADA,VENTA REPARACION Y ARRIENDO DE MAQUINARIA AGRICOLA Y FORESTAL
INVERSIONES DEL RANCO SPA,VENTA REPARACION Y ARRIENDO DE MAQUINARIA AGRICOLA Y FORESTAL
INVERSIONES ENEX S.A.,EST. SERV.-SUPERM.-REST.-VTA. CIGARR.-ASESOR.-SOC. INVERS.
INVERSIONES LAS QUEMAS SPA,VENTA Y DISTRIBUCION DE GAS LICUADO
INVERSIONES Y ASESORIA BARCA SPA 3103944,Venta al por menor de combustible para automotoras
IVAN RUDY CANCINO DIAZ,"RECTIF.DE MOTORES,MAESTRANZA Y REPUESTOS"
JAIME ANDRES RIOS HUENULEF,VENTAS REPUESTOS Y ACCESORIOS PARA VEHICULOS-VENTAS DE GOMAS
JAIME HERNAN PAILLACHEO CALFULLANCA,TRANSPORTE DE CARGA POR CARRTERA
JAIME ORLANDO RIOS CHACON,TRANSPORTE DE CARGA POR CARRETERA
JAVIER ARIEL SILVA VERA,TRANSPORTE DE CARGA Y PRESTACION DE SERVICIOS
JOEL LOBO BELLO,CERRAJERIA
JOHN MARCELO CARRILLO SOLDAN,SERV. DE MANTENCION DE MAQ. E IMPLEM. AGRIC. SOLDADURAS INSTAL.ELECTRI
JORGE GUTIERREZ VARGAS,CONTRATISTA OBRAS MENORES
JORGE HECTOR KIESSLING PINUER,"AGRICOLA, PRESTACION DE SERVICIOS AGRICOLAS"
JORGEN HORACIO VEGA AGUILA,OBRAS MENORES EN CONSTUCCION VENDEDOR COMISIONISTA
JS NEUMÁTICOS SPA,COMPRA Y VENTA DE NEUMÁTICOS
JUAN ANGEL ANIBAL VERGARA OBANDO,TRANSPORTE DE CARGA POR CARRETERA / SERVICIOS CONDUCTOR PROFESIONAL
JUAN CARLOS MARTINEZ Y CIA LTDA,ESTACION
JULIA IGNACIA FUENTES FLORES,SUB. GAS/PROVISIONES/CARNICERIA/CONF./EXP CERVEZAS/PENSION/AGRICULTOR
KALEUCHE SPA,COMERCIALIZACION DE PRODUCTOS DE CUERO
KARIM KLETT DIEZ,LIBRERIA ARTICULOS DE OFICINA REGALOS JUGUETERIA
KAUDAT SPA,"TRANSPORTE DE CARGA, SERVICIOS INFORMATICOS, GIROS NACIONALES E INTERNACIONALES"
KAUFMANN S.A. VEHÍCULOS MOTORIZADOS,"SERVICIO TECNICO Y TALLER, MANTEN.Y REPARACIONES"
LABORATORIOS Y SERVICIOS VETERINARIOS VALDIVIA LTDA,LABORATORIO Y SERVICIOS VETERINARIOS
LAS ACHIRAS SPA,ACTIVIDADES DE RESTAURANTES Y DE SERVICIO MOVIL DE COMIDAS
LATAM AIRLINES GROUP SA,LATAM AIRLINES GROUP SA
LEONEL IVAN OJEDA VASQUEZ COMERCIALIZACION DE ARTICULOS DE ESCRITORIO Y OFICINA E I R L,LIBRERIA VENTA DE LIBROS VENTAS AL POR MAYOR DE MAQUINAS Y EQUIPOS DE OFICINA Y
LGP BOMBAS Y SERVICIOS SPA,INSTALACION DE BOMBAS HIDRAULICAS A DOMICILIO
LIDIA ANGELICA SANHUEZA FUENTES,COMPRAVENTA MAQUINARIAS SERVICIO TECNICO
LOS MAGNIFICOS SPA,VENTA AL POR MAYOR Y MENOR DE ARTICULOS DE FERRETERIA
LUIS ANTONIO TORRES JARAMILLO,TRANSPORTE DE CARGA POR CARRETERA Y ACT. COMPLEMENTARIAS DEL GIRO
MADERAS DE EXPORTACION DOS S.A,VENTA DE MADERA - ASERRADERO
MADERAS GUERRA Y COMPANIA LIMITADA,"EXPL DE BOSQUES,VTA DE MADERAS,FABR.PIEZAS CARPIN,VTA MAT.DE CONSTRUCC"
MADERAS LACOSTE SPA,COMERCIALIZ. DE MADERAS EN BRUTO Y ELABORADAS Y TRANSPORTE DE CARGA
MAGDIEL AMALEC MONTECINOS SAN MARTIN,CONSTRUCCION EN OBRAS MENORES USO RESIDENCIAL
MALLAS PROTEKTA LIMITADA,MALLAS PROTEKTA LIMITADA
MANANTIAL S.A,Manufactura
MANTENCION INDUSTRIAL DEL SUR LIMITADA,"MANTENCION,ASEO Y LIMPIEZA DE INDUSTRIAS,LECHERIAS,SILOS,INST.IND.Y CO"
MANUFACTURA DE TELAS SPA,"FABRICACIÓN DE SOLUCIONES EN TELAS DE PVC, MANTENIMIENTO DE VARIOS"
MARCELO ALEJANDRO GUZMAN CATALAN,TRANSPORTE DE CARGA POR CARRETERA
MARIA JOSE GARCIA DE CECA LATUZ,RESTAURANT - ARTESANIAS- VENTAS DE PRODUCTOS CARNICOS - PESCADOS
MARIO DANIEL RODRIGUEZ ASENCIO,OBRAS MENORES EN CONSTRUCC GASFITERIA E INSTALACION ESTRUCT METALICAS
MARIO NICOLAS SANCHEZ SANTANA,CONTRAT EN CONSTRUCC Y ELECTRICIDAD INGEN ELECTRI ASES Y ESTUDIOS INGE
MARS AGRICOLA SPA,CRIA DE GANADO PARA LA PRODUCCION DE LECHE
MARTINEZ Y VALDIVIESO S.A,"VENTA AL POR MAYOR DE MATERIAS PRIMAS AGRICOLAS,FUMIGACIONES,DESTRUCC. DE PLAGAS"
MARYUN SEGURIDAD INDUSTRIAL SPA,VENTAS DE PRODUCTOS DE SEGURIDAD INDUSTRIAL Y ARTICULOS DE OFICINA
MASTER THERMIC SPA,"SERVICIOS DE CLIMATIZACIÓN, INSTALACIONES ELÉCTRICAS AIRE ACONDICIONAD"
MAURICIO SEPULVEDA GUZMAN MAESTRANZA E.I.R.L.,"FABRICA ARTICULOS METALICOS Y REPARACION MAQ , AGROPECUARIA Y FORESTAL"
MERCADOLIBRE CHILE LTDA,OTRAS ACTIVIDADES DE VENTA AL POR MENOR EN COMERCIOS NO ESPECIALIZADOS N.C.P.
MERY Y COMPAÑIA LIMITADA,Importadora Exportadora y Comercializacion de Accesorios Telefonicos Electronico
MIGUEL ANGEL ARRIAGADA INAYADO,VENTA E INSTALACIONES DE REPUESTOS Y ACCESORIOS PARA VEHICULOS
MINERVA RUTH ARELLANO VASQUEZ,AGRICULTOR- COMIDA RAPIDA- BAZAR
MIRTHA LEONOR CASTILLO KANTER,"MENAJE PAQUETERIA, ROPA RECICLADA Y VENTA AL POR MENOR DE UTILES DE AS"
MOLINA MANNS SPA,SERVICIOS MÉDICOS VETERINARIOS
MONTAJES Y CONSTRUCCIONES MANCILLA Y FERNANDEZ LIMITADA,"FABRIC Y CONSTRUCC.MONTAJES IND.,TRANS.CARGA POR CARRETERA Y SS.GRUA"
MOUNTAIN CREATIVE SPA,"Agencia de Viaje, Turismo y Marketing; Comerc. de Artículos Deportivos"
MULTIMOTOS OSORNO SPA,SERVICIOS MECANICOS A DOMICILIO DE MOTOCICLETAS
NESTOR JAIME OPAZO CONCHA,"TRANSPORTE POR CARRETERA, AGRICOLA Y GANADERA"
NETSKY SPA,SERV COMPUTACIO. ASES.INFORMATICA PROVEED INTERNET-ARRIENDO EQUIPOS
NOE ALEJANDRO FOITZICK REHL,"TRAN DE CARGA, LIMP FOSAS, ARR MAQ, MANEJO RESIDUO, ARR BANOS QUIMICOS"
ONE GARAGE SPA,"VENTA DE REPUESTOS, MANTENCIÓN, REPARACIÓN VEHÍCULOS AUTOMOTORES"
OREGON CHEM GROUP SPA,Venta al por menor de otros productos en comercios especializados n.c.p.
OREGON CONSULTING SPA,"SERVICIOS DE CONSULTORÍA EN GESTIÓN, FINANZAS Y ADMINISTRACIÓN GENERAL"
ORLANDO BERTIN SANDOVAL,TRANSPORTE DE CARGA POR CARRETERA
ORLANDO RICARDO BERTIN MONSALVE,TRANSPORTE DE CARGA
OSCAR EDUARDO SOTO VEJAR,OBRAS MENORES EN CONSTRUCCION
PABLO ANDRES REYES SILVA,ARRIENDO DE MAQUINARIAS - TRANSPORTE
PATRICIO SANTIAGO CAREY BRIONES,ESTACION
PCS,Telecomunicaciones
PERSONAL COMPUTER FACTORY S.A.,Ventas e importacion articulos computacionales
PILAUCO VIEJO SPA,VENTA AL POR MENOR DE COMBUSTIBLE PARA AUTOMOTORES
PINTURAS BARENDS SPA,VENTA Y DISTRIBUCION DE PINTURAS-HERRAMIENTAS Y ARTIC. DE FERRETERIA
PRESTACIONES DE SERVICIOS AGRICOLAS EL SIERVO LIMITADA,PRESTACION DE SERVICIOS AGRICOLAS
PROCARNE COMERCIAL S.A.,"Importacion, Exportacion y Comercializacion"
PROVEEDORES INTEGRALES DEL SUR S.A.,"COMPRA, VENTA DE ARTICULOS DE OFICINA Y LIBRERIA"
PUELCHE LOS RIOS SOCIEDAD POR ACCIONES,VENTA AL POR MAYOR Y DETALLE DE ARTICULOS DE FERRETERIA HIDRICA
PURIFICADORA DE AGUA ALEJANDRO SALAZAR RIVERA E.I.R.L.,"VENTA, ENVASADO Y DISTRIBUCIÓN DE AGUA PURIFICADA"
QUIMILAB HT S.A.,VENTA DE COLORANTES
RAFAEL ANDRES BERTIN DELGADO,COMP. Y VTA. DE GANADO TRANSPORTE DE CARGA ING. CIVIL EN OBRAS CIVIL
REALE CHILE SEGUROS GENERALES S.A.,PLANES DE SEGUROS GENERALES
RENDIC HERMANOS S.A.,"GRANDES ESTABLECIMIENTOS (VENTA DE ALIMENTOS), HIPERMERCADOS"
RENT A CAR Y GRUAS VIVE SPA,ARRIENDO DE VEHICULOS Y SERVICIOS DE GRUAS
REPUESTOS BHC SPA,VENTA DE REPUESTOS Y ACCESORIOS PARA VEHICULOS
REVISIONES LOS LAGOS LTDA.,REVISIONES TECNICAS
RICARDO FRANCISCO WULFF MULLER,FERRETERIA
RICARDO GERMAN OSWALD BUCHNER,LUBRICENTRO-SUBDISTRIBUIDOR LIPIGAS-VTA MATERIAS PRIMAS AGRICOLA
ROAGRO SPA,"MANT Y REP VEHICULOS -CAMIONES Y MAQUINARIA EN TERRRENO, VTA REPUESTO"
ROBERTO RENÉ RODRIGUEZ ARANCIBIA MONTAJES ELECTRICOS E INDUSTRIALES.,Instalaciones Electricas
ROCK RIVER LABORATORY LIMITADA,LABORATORIO DE ANALISIS Y SERVICIOS
ROSA ELVIRA SOLIS GUARDA,"REP MANTEN DE VEHIC VTA REP NUEVOS , USADOS ,VIDRIOS,ALUM,PVC ACCES"
RUTA DE LOS RIOS SOCIEDAD CONCESIONARIA S.A.,Concesionario de Peaje
"RUTA DEL MAIPO SOCIEDAD CONCESIONARIA, S.A.","Construcción, Conservación y Explotación de Obra Pública Fiscal"
SABOR DE DOS MUNDOS SPA,SUMINISTRO DE COMIDAS POR ENCARGO (SERVICIOS DE BANQUETERIA)
SALINAS Y FABRES S.A.,"VENTA DE MAQUINARIAS, VEHÍCULOS, REPUESTOS, SERVICIO TÉCNICO."
SAN BLAS FERTILIZACION SPA,SERVICIOS AGRICOLAS CON MAQUINARIAS
SANDRA PAULINA VALLADARES RIOS,REPARAC/MANTENCION MAQUINAS / EQUIPOS AGRIC./ FORESTAL/VEHICULOS AUTOM
SANO - NUTRICION ANIMAL MODERNA SPA,Importación y Comercialización de alimentos para animales
SANTANDER - CHILE,Banco Comercial
SELLO DE RECICLAJE MI GRAN CHILE SPA,CERTIFICACION DE PROCEDIMIENTOS DE MANEJO DE RESIDUOS
SERGIO FABIAN RODRIGUEZ DELGADO,TRANSPORTE DE CARGA POR CARRETERA - FLETES
SERGIO GUILLERMO LOEBEL PUSCHEL,"REPARACION DE BOMBAS, COMPRESORES, SISTEMAS HIDRAULICOS, VALVULAS Y AR"
SERVICENTRO DEL SUR LIMITADA,"VENTA AL POR MENOR DE COMBUSTIBLES, PARA VEHICULOS AUTOMOTORES."
SERVICIO AGRICOLA Y GANADERO,GIRO INSTITUCIONAL
SERVICIOS AGRICOLAS CORPAL SPA,SERVICIOS AGRICOLAS
SERVICIOS AGRICOLAS FELIPE JAVIER GONZALEZ ZAMBRANO E.I.R.L.,"ASESORIAS EN PREVENCION, ARRIENDO DE MAQUINARIA AGRICOLA SIN OPERADOR"
SERVICIOS AGRICOLAS MECANIZADOS SPA,SERVICIOS DE CORTE Y ENFARDADO DE FORRAJE
SERVICIOS AGRICOLAS OSORNO SPA,"SERVICIOS AGRICOLAS,COSECHA, SIEMBRA"
SERVICIOS AGRICOLAS SCHUCK SPA,SERVICIOS DE FUMIGACION
SERVICIOS BERGSTRÖM LIMITADA,"ROTURACION, SIEMBRAS, RECOLEC, EMPACADO, TRILLA , OTROS SERVICIOS AGRICOLAS"
SERVICIOS DE MANTENCIÓN DOMICILIARIA NONTUELA SPA,SERVICIOS DE REPARACIÓN Y MANTENCIONES DOMICILIARIAS
SERVICIOS EL MAITEN LIMITADA,ARRIENDO DE MAQUINARIA Y VENTA DE ARIDOS
SERVICIOS INTEGRALES EDUARDO GUERRERO SPA,OBRAS E INSTALACIONES MENORES DE CONSTRUCCIÓN A DOMICILIO
SERVICIOS PROFESIONALES EN SEGURIDAD Y SALUD OCUPACIONAL JACQUELINE FU,CONSULTORÍA POR PROFESIONALES EN SEGURIDAD Y SALUD OCUPACIONAL
SERVICIOS PUELCHE SPA,OBRAS MENORES ESTRUCTURAS Y RECUBRIMIENTOS PLÁSTICOS
SERVICIOS SINERGIA AUSTRAL SPA,"VENTA AL POR MAYOR DE MATERIALES DE CONSTRUCCION, ARTICULOS DE FERRETE"
SERVICIOS TECNICOS DE CAPACITACION VICTOR HERMINIO MIRANDA HERNANDEZ E,PRESTACION DE SERVICIOS DE CAPACITACION
SERVICIOS VITAP SPA,"T.DE CARGA, VENTA DE GANADO Y VENTA DE FRUTAS Y VERDURAS."
SERVICIOS Y SOLUCIONES LINKEDTIC SPA,SERVICIOS DE ASESORIAS INFORMATICAS
"SERVICIOS, COMERCIAL, AGRICOLA Y FORESTAL MORALES OPITZ SPA","TRANS. CARGA, COMERCIAL Y SERVICIOS EMPRESAS Y AGRICULTURA."
SERVIGEN LTDA,LABORATORIO VETERINARIO
SERVIMEC SPA,MANTENCION Y REPARACION DE MAQUINARIA AGRICOLA Y VEHICULOS MOTORIZADOS
SERVIVUL SPA,TALLER VULCANIZACION VTA DE NEUMATICOS- R. DE VEHICULOS Y MAT. CONST.
SHERWIN WILLIAMS CHILE S A,VENTA AL POR MENOR DE ART DE FERRETERIA Y MATERIALES DE CONSTRUC
SILVIA FRANCISCA CASTILLO PARDO,TRANSPORTE DE CARGA - SERVICIOS DE PICADURIA DE LEÑA
SILVOAGROPECUARIO YERKO VERA CAMPOS EMPRESA INDIVIDUAL DE RESPONSABILI,"CULTIVOS AGRÍCOLAS, CRÍA Y CORRETAJE DE GANADO, ACTIVIDADES VENTA LEÑA"
SMRCHILE LIMITADA,"ART. VESTIR, ASEO, MAT. FERRETERIA/CONSTRUCCION, C. PLAGAS, CONTRATIST"
SOC AGRICOLA GANADERA Y FORESTAL SANTA FE LTDA,CRIA DE GANADO BOVINO PARA LA PRODUCCIN LECHERA
SOC COMERCIAL AGRO-TRUST LTDA,COM.PROD.E INS.AGR.-ASES.Y SERV.AGR.-COM.DE GANADO-COM.PROD. TECNOLOGI
SOC COMERCIAL NAHUM CORREA LTDA,"DISTRIBUIDORA DE ARTICULOS DE LIBRERIA, OFICINA Y BAZAR"
SOC COMERCIAL SANTA SOLEDAD LTDA,ESTACION DE SERVICIO
SOC CONCESIONARIA AUTOPISTA CENTRAL S A,CONCESION AUTOPISTAS
SOC DE INVERSIONES EL OLIVO SPA,VENTA AL POR MENOR DE COMBUSTIBLE PARA AUTOMOTORES
SOC DE TRANSPORTES STEUER HOLMGREN Y COM,ESTACION
SOC HOTELERA BIDASOA SPA,HOTEL Y TRANSPORTE A TURISTAS
SOC INDUSTRIAL DE MOTORES SIMOTOR S A,RECTIFICACION DE MOTORES Y MAESTRANZA
SOC INMOBILIARIA PROGRESO ROLANDO EGON ACUÑA SCHEEL E.I.R.L.,INMOBILIARIA
SOC ROBERTO AICHELE Y CIA LIMITADA,"ASESORIASINTEGRALES AGROPECUARIAS,COMISIONISTA"
SOC. COMERC. DE REPUESTOS S.P.A.,VTA. ACCESORIOS Y REPUESTOS AUTOM.
SOC. COMERC. EDOW LTDA. 3101597,EST. DE SERVICIO. VTA. REP. Y LUB. DE VEHICULOS. VTA DE GAS.
SOCIEDAD AGUAS BUENAS SPA,VENTA AL POR MENOR DE ARTICULOS DE FERRETERIA Y MATERIALES DE CONSTRUCION
SOCIEDAD AUSTRAL DE ELECTRICIDAD SA,Distribución de Energía Eléctrica
SOCIEDAD AUTOMOTRIZ TODOESCAPE LIMITADA,"TALLER MECANICO DESABOLLADURA, PINTURA COMPRA VENTA VEHICULOS REPUESTO ARRIENDO"
SOCIEDAD BETTENHAUSER Y HEUFEMANN LIMITADA,FABRICA DE CHOCOLATES CONFITES PASTELES PAN Y ROTISERIA
SOCIEDAD COMERCIAL ALCAPLUS LTDA,COMERCIALIZACION INSUMOS DE COMPUTACION
SOCIEDAD COMERCIAL HOFFMANN LTDA,FERRETERIA
SOCIEDAD COMERCIAL SERLAC CHILE S.A.,"COM. EQ.ORDEÑA,VTA.ART.ASEO Y DETER,ASESORIA"
SOCIEDAD COMERCIAL SOFLO SPA,COMERCIALIZACIÓN E INSTALACION DE PRODUCTOS Y ARTICULOS AGRICOLAS
SOCIEDAD COMERCIAL TUCHIE JADURI LIMITAD,FERRETERIA
SOCIEDAD COMERCIAL VITACYCLE LIMITADA,"COMERCIALIZACION, TRANSPORTE Y RECICLAJE DE RESIDUOS INDUSTRIALES"
SOCIEDAD CONCESIONARIA COSTANERA NORTE S.A.,"Construcción, Conservación y Explotación de Obra Pública Fiscal"
SOCIEDAD CONCESIONARIA RUTA 5 CHILLAN-COLLIPULLI S.A.,CONCESION DE CARRETERAS Y CONSTRUCCION
SOCIEDAD CONCESIONARIA RUTA 5 TALCA-CHILLAN S.A.,SERVICIOS PRESTADOS POR CONCESIONARIOS DE CARRETERAS
SOCIEDAD CONCESIONARIA VESPUCIO NORTE EXPRESS S.A.,CONSTRUCCION DE CARRETERAS Y LINEAS DE FERROCARRIL
SOCIEDAD CONCESIONARIA VESPUCIO ORIENTE S.A.,Servicios prestados por concesionarios de carreteras
SOCIEDAD DE INVERSIONES MVM SPA,"C.OBRAS MEN,INST.ELECT.BAJA,ALTA TENS,VTA.MAT.ELEC.Y CAM.SEG"
SOCIEDAD DE SERVICIOS INTEGRALES SICAV SPA,"SERV.FORESTALES,ASESORIAS,ARRIENDO VEHICULOS-ANDAMIOS,CONTRATISTA"
SOCIEDAD DE TRANSPORTES MANCILLA NEUMANN LIMITADA,TRANSPORTE DE CARGA POR CARRETERA
SOCIEDAD DE TRANSPORTES Y ARRIENDO DE EQUIPOS MENDOZA Y BASTIDAS LIMIT,"TRANSPORTE DE CARGA,SERV. ARRIENDO MAQ.-EQUIPOS Y VEHICULOS."
SOCIEDAD DE TRANSPORTES Y SERVICIOS MECÁNICOS MAY LIMITADA,SERV.GRUAS-MEC.EN TERRENO-TRANSP.CARGA MENOR-ARRIENDO VEHICULOS
SOCIEDAD HIDRO FOSAS SPA,LIMP Y MANTEN FOSAS SEPTICAS EVACUA AGUAS SERV Y DESECHOS NO PELIGROSO
SOCIEDAD IBACACHE-VINOLY LIMITADA,"VTA.MOTOS,ACCESORIOS,REPARACION Y ARRIENDO MOTOCICLETAS Y CUATRIMOTOS"
SOCIEDAD INVERSIONES SERCO SPA,COMPRA VENTA Y COMERCIALIZACION CONTAINERS Y EQUIPOS EN GENERAL
SOCIEDAD PANEBRA E HIJOS SPA,ACTIVIDADES DE RESTAURANTES Y DE SERVICIO MOVIL DE COMIDAS
SOCIEDAD PRESTACIÓN DE SERVICIOS AGRÍCOLA MYO SPA,PRESTACIÓN DE SERVICIO AGRÍCOLA
SOCIEDAD TOROYO LTDA,ACTIVIDADES DE APOYO A LA AGRICULTURA
SOCIEDAD TRANSPORTES VIDAL LEMUS LIMITADA,SERVICIOS TRANSPORTE DE CARGA
SOCIEDAD TURISTICA SOUTH AND DESERT LIMITADA,AGENCIA Y ORGANIZADORA DE VIAJES VENTA Y COMPRA DE ARTICULOS DEPORTIVOS
SODIMAC S.A.,DISTRIBUIDORA DE MATERIALES DE CONSTRUCCION
SONDAJES PERFOMAQ SA,"Perforación de Pozos Profundos, Const. e Instalaciones, Bombas para Agua, Estanq"
STARLINK CHILE SPA,Comunicaciones por satélite
SURAC,Importacion y Venta de Repuestos
TALBOT HOTELS S A,SERVICIOS DE ALOJAMIENTOS HOTELEROS A EXTRANJEROS Y NACIONALES
TALLER JORQUERA SPA,DISEÑO Y FABRICACIÓN DE MUEBLES - OBRAS MENORES Y CONSTRUCCION
TATTERSALL AGROINSUMOS S.A.,Distribución de Insumos y Maquinaria Agrícola
TATTERSALL GANADO S.A.,Remates y comercialización de ganado y bienes muebles
TELEFÓNICA MÓVILES CHILE S.A.,Comunicaciones
THAMYKI SPA,"HOTEL Y CABANA,LAVANDERIA, VNTA DE BEBIDAS ALCOHOLICAS Y TOUR OPERADOR"
TODO CONSTRUCCION SUR SPA,VENTA AL POR MENOR DE ARTICULOS DE FERRETERIA Y MATERIALES DE CONSTRUCCION
TOPOGRAFIA SATELITAL INGENIERIA SPA,SERVICIO TOPOGRAFIA. Y GEOMENSURA.
TOPOGRAFÍA DANIEL ALEJANDRO HERRERA GUTIERREZ E.I.R.L.,"CONSULTORA Y SERVICIOS TOPOGRAFICOS, OBRAS MENORES EN CONSTRUCCION"
TRANSPORTES BRAULIO ERARDO SAN MARTÍN HENRÍQUEZ E.I.R.L.,SERVICIO TURISMO
TRANSPORTES CRUZ DEL SUR LIMITADA,"TRANSP.DE PASAJEROS,SERV.DE CARGA Y ENCOMIENDAS"
TRANSPORTES EL TREBOL SPA,TRANSPORTE DE CARGA POR CARRETERA
TRANSPORTES G & G SPA,COMPRA VTA DE RIPIO.COMPRA VENTA DE MADERA
TRANSPORTES JORGE ALEJANDRO MARTÌNEZ GUZMÀN E.I.R.L.,"TRANS.DE CARGA POR CARRETERA,DISTRIBUCION-VENTA DE HORMIGONES Y ARIDOS"
TRANSPORTES LOS VOLCANES SPA,TRANSPORTE DE CARGA
TRANSPORTES OJEDA SPA,TRANSPORTE DE CARGA POR CARRTERA
TRANSPORTES PINILLA SPA,TRANSPORTES DE CARGA
TRANSPORTES Y GRÚAS CACERES SPA,"OTROS TIPOS DE TRANSPORTE POR VIA TERRESTRE, ALQUILER DE VEHICULOS AUT"
TRANSPORTES Y SERVICIOS MECANICOS DUCK SPA,SERVICIOS MECANICOS Y TRANSPORTE
TUV RHEINLAND ANDINO S.A,Servicio de Revision Tecnica de Vehiculo
VENTAS DE REPUESTOS DAVID BASTIAS CHAMORRO E.I.R.L.,"VENTAS DE REPUESTOS PARA LA INDUSTRIA, ROPA Y ZAPATOS"
VERISURE CHILE SPA,SERVICIOS INTEGRALES DE SEGURIDAD
VICTOR ALFONSO PATINO SAN MARTIN,HOJALATERIA Y REPARACIONES DE COCINAS Y COMBUSTIONES A LEÑA
VICTOR VERA VIVEROS,RESTAURANT
VIMAR SPA,COMERCIALIZACION DE ARIDOS Y MOVIMIENTO DE TIERRA
VULCANIZACIÓN NONTUELÁ SPA,VULCANIZACIÓN Y SERVICIOS DE MECÁNICA RÁPIDA - VENTA DE REPUESTOS- LUB
WALDEMAR ORLANDO VARGAS CARDENAS,INST POZOS DE AGUA MANT Y REPUESTOS INST ELECT BOMBE
WALTER ERNESTO MATAMALA MANCILLA,SERVICIOS DE MECANICA Y SOLDADURAS
YOAM MARCELO ORTIZ GUTIERREZ,ARRIENDO DE VEHICULOSOBRAS MENORES EN CONSTRUCCION
ZERO CORP SPA,REVALORIZACION DE RESIDUIOS INDUSTRIALES O DOMICILIARIOS
